did,alg_params,1,2,3,4,5,6,7
supervised,,0.804875,0.8118125,0.8115,0.8150625,0.8063125,0.5967475,0.6262342
greedy,,0.826937,0.830562,0.825313,0.826625,0.82575,0.598577,0.625839
epsilon-greedy,,0.821875,0.826875,0.821875,0.828562,0.830812,0.605718,0.632158
cover,,0.825438,0.828063,0.823063,0.828063,0.827562,0.604841,0.634281
cover-nu,,0.820937,0.829875,0.825625,0.825562,0.825438,0.598251,0.625839
bag,,0.809375,0.823125,0.81625,0.817688,0.808438,0.602385,0.630875
bag-greedy,,0.818312,0.82025,0.807625,0.824063,0.821812,0.604265,0.628308
FALCON,,0.8145,0.817875,0.81725,0.817875,0.818,0.598276035,0.625740521
